,numberFire,,Ranks,,Passing,,,,Rushing,,,Receiving,,,
Player,FP,CI,Ovr.,Pos.,C/A,Yds,TDs,Ints,Att,Yds,TDs,Rec,Tgt,Yds,TDs
"Josh Allen J. Allen(QB, BUF)",393.57,"360.93 - 426.21",#1,#1,"387.70 / 610.64",4558.55,33.42,14.04,129.51,678.86,7.58,0.00,0.00,0.00,0.00
"Jalen Hurts J. Hurts(QB, PHI)",387.50,"354.92 - 420.08",#2,#2,"350.11 / 531.04",4028.34,25.01,9.67,167.04,857.23,11.11,0.00,0.00,0.00,0.00
"Patrick Mahomes P. Mahomes(QB, KC)",372.48,"340.06 - 404.9",#3,#3,"426.23 / 644.63",4935.58,38.78,11.26,62.74,305.68,3.15,0.00,0.00,0.00,0.00
"Lamar Jackson L. Jackson(QB, BAL)",365.90,"333.55 - 398.25",#4,#4,"315.37 / 492.53",3560.71,26.27,9.99,170.37,977.27,7.43,0.00,0.00,0.00,0.00
"Joe Burrow J. Burrow(QB, CIN)",331.23,"299.29 - 363.17",#5,#5,"425.29 / 634.54",4625.69,33.71,13.14,61.02,257.48,2.53,0.00,0.00,0.00,0.00
"Justin Herbert J. Herbert(QB, LAC)",320.29,"288.48 - 352.1",#6,#6,"423.59 / 631.10",4749.40,29.21,11.73,59.95,274.25,1.86,0.00,0.00,0.00,0.00
"Justin Fields J. Fields(QB, CHI)",319.02,"287.23 - 350.81",#7,#7,"255.31 / 404.24",2858.18,21.76,12.46,189.77,1048.88,8.38,0.00,0.00,0.00,0.00
"Trevor Lawrence T. Lawrence(QB, JAC)",305.90,"274.28 - 337.52",#8,#8,"395.07 / 595.76",4328.99,27.66,9.11,62.81,286.76,3.11,0.00,0.00,0.00,0.00
"Deshaun Watson D. Watson(QB, CLE)",299.23,"267.69 - 330.77",#9,#9,"324.43 / 497.21",3897.13,22.78,9.05,113.23,545.72,3.63,0.00,0.00,0.00,0.00
"Dak Prescott D. Prescott(QB, DAL)",298.28,"266.76 - 329.8",#10,#10,"370.05 / 567.39",4122.92,31.76,13.80,61.39,283.30,2.37,0.00,0.00,0.00,0.00
"Tua Tagovailoa T. Tagovailoa(QB, MIA)",293.52,"262.06 - 324.98",#11,#11,"384.63 / 595.67",4463.19,29.81,11.91,32.06,143.04,1.29,0.00,0.00,0.00,0.00
"Daniel Jones D. Jones(QB, NYG)",293.48,"262.02 - 324.94",#12,#12,"355.42 / 541.20",3584.65,21.20,11.96,121.86,613.73,5.50,0.00,0.00,0.00,0.00
"Geno Smith G. Smith(QB, SEA)",293.10,"261.64 - 324.56",#13,#13,"391.44 / 582.15",4220.14,27.37,11.54,61.64,297.02,2.27,0.00,0.00,0.00,0.00
"Anthony Richardson A. Richardson(QB, IND)",287.69,"256.31 - 319.07",#14,#14,"308.51 / 486.67",3340.10,17.66,11.24,153.92,832.31,5.64,0.00,0.00,0.00,0.00
"Jared Goff J. Goff(QB, DET)",287.20,"255.83 - 318.57",#15,#15,"390.13 / 601.22",4448.75,30.77,12.92,22.65,90.39,1.11,0.00,0.00,0.00,0.00
"Russell Wilson R. Wilson(QB, DEN)",287.03,"255.66 - 318.4",#16,#16,"353.48 / 552.91",3978.20,27.77,10.24,63.42,295.85,2.07,0.00,0.00,0.00,0.00
"Kirk Cousins K. Cousins(QB, MIN)",285.60,"254.25 - 316.95",#17,#17,"413.01 / 630.28",4455.30,31.79,13.36,22.94,94.63,0.85,0.00,0.00,0.00,0.00
"Aaron Rodgers A. Rodgers(QB, NYJ)",279.99,"248.72 - 311.26",#18,#18,"370.12 / 562.88",3951.46,29.54,7.87,33.84,152.85,1.21,0.00,0.00,0.00,0.00
"Jordan Love J. Love(QB, GB)",267.17,"236.09 - 298.25",#19,#19,"360.04 / 569.44",3941.74,25.73,12.53,53.23,234.85,2.18,0.00,0.00,0.00,0.00
"Christian McCaffrey C. McCaffrey(RB, SF)",264.44,"229.71 - 299.17",#20,#1,"0.00 / 0.00",0.00,0.00,0.00,230.57,1068.09,9.76,87.08,119.36,676.13,5.39
"Nick Chubb N. Chubb(RB, CLE)",260.66,"226.23 - 295.09",#21,#2,"0.00 / 0.00",0.00,0.00,0.00,350.46,1735.11,11.38,23.67,32.33,184.10,0.94
"Matthew Stafford M. Stafford(QB, LA)",253.41,"222.53 - 284.29",#22,#20,"358.24 / 538.56",4090.37,25.56,13.68,27.57,123.35,0.91,0.00,0.00,0.00,0.00
"Tony Pollard T. Pollard(RB, DAL)",252.43,"218.66 - 286.2",#23,#3,"0.00 / 0.00",0.00,0.00,0.00,294.72,1396.01,10.72,45.91,62.42,353.42,2.52
"Derek Carr D. Carr(QB, NO)",252.13,"221.28 - 282.98",#24,#21,"357.18 / 538.17",4121.45,24.00,13.02,34.33,155.33,1.35,0.00,0.00,0.00,0.00
"Kenny Pickett K. Pickett(QB, PIT)",251.44,"220.59 - 282.29",#25,#22,"351.33 / 543.82",3675.61,21.78,11.86,67.36,297.54,2.62,0.00,0.00,0.00,0.00
"Bryce Young B. Young(QB, CAR)",251.05,"220.22 - 281.88",#26,#23,"350.53 / 547.05",3636.14,23.65,12.14,62.59,284.52,1.98,0.00,0.00,0.00,0.00
"Jimmy Garoppolo J. Garoppolo(QB, LV)",250.11,"219.29 - 280.93",#27,#24,"380.92 / 576.42",3845.10,25.28,11.41,34.20,134.72,1.59,0.00,0.00,0.00,0.00
"Brock Purdy B. Purdy(QB, SF)",248.27,"217.48 - 279.06",#28,#25,"351.66 / 542.62",3742.75,25.77,13.34,40.09,176.40,1.26,0.00,0.00,0.00,0.00
"Saquon Barkley S. Barkley(RB, NYG)",247.62,"214.23 - 281.01",#29,#4,"0.00 / 0.00",0.00,0.00,0.00,302.23,1372.18,10.70,54.11,73.05,339.33,2.22
"Sam Howell S. Howell(QB, WSH)",246.62,"215.85 - 277.39",#30,#26,"345.57 / 540.69",3629.74,21.95,12.00,60.30,273.44,2.55,0.00,0.00,0.00,0.00
"Mac Jones M. Jones(QB, NE)",245.08,"214.34 - 275.82",#31,#27,"364.47 / 562.63",3813.60,22.56,12.82,48.95,211.08,1.88,0.00,0.00,0.00,0.00
"Austin Ekeler A. Ekeler(RB, LAC)",243.94,"210.84 - 277.04",#32,#5,"0.00 / 0.00",0.00,0.00,0.00,214.09,976.87,10.82,75.26,97.84,602.34,4.00
"Ryan Tannehill R. Tannehill(QB, TEN)",243.10,"212.39 - 273.81",#33,#28,"327.27 / 500.38",3769.29,22.52,11.16,40.41,192.41,1.65,0.00,0.00,0.00,0.00
"Bijan Robinson B. Robinson(RB, ATL)",242.35,"209.37 - 275.33",#34,#6,"0.00 / 0.00",0.00,0.00,0.00,294.10,1380.10,10.41,42.28,60.54,314.85,2.26
"Baker Mayfield B. Mayfield(QB, TB)",240.98,"210.31 - 271.65",#35,#29,"368.59 / 594.37",3920.77,23.91,16.47,43.99,188.53,1.69,0.00,0.00,0.00,0.00
"Derrick Henry D. Henry(RB, TEN)",238.51,"205.84 - 271.18",#36,#7,"0.00 / 0.00",0.00,0.00,0.00,333.26,1538.32,10.82,23.57,32.52,190.31,0.92
"C.J. Stroud C. Stroud(QB, HOU)",236.18,"205.58 - 266.78",#37,#30,"344.79 / 532.90",3461.45,21.15,11.83,63.48,304.21,2.00,0.00,0.00,0.00,0.00
"Justin Jefferson J. Jefferson(WR, MIN)",234.06,"201.25 - 266.87",#38,#1,"0.00 / 0.00",0.00,0.00,0.00,4.17,23.47,0.23,124.57,189.08,1684.42,10.21
"Jonathan Taylor J. Taylor(RB, IND)",230.75,"198.69 - 262.81",#39,#8,"0.00 / 0.00",0.00,0.00,0.00,329.84,1581.21,9.48,22.59,31.63,167.52,0.85
"Kyler Murray K. Murray(QB, ARI)",229.80,"200.69 - 258.91",#40,#31,"293.02 / 441.87",3155.07,14.43,6.61,84.56,463.44,3.45,0.00,0.00,0.00,0.00
"Josh Jacobs J. Jacobs(RB, LV)",225.98,"194.3 - 257.66",#41,#9,"0.00 / 0.00",0.00,0.00,0.00,282.73,1316.55,10.62,35.29,48.99,228.57,1.70
"Ja'Marr Chase J. Chase(WR, CIN)",219.16,"187.63 - 250.69",#42,#2,"0.00 / 0.00",0.00,0.00,0.00,4.21,23.59,0.20,117.04,177.68,1496.44,11.36
"Tyreek Hill T. Hill(WR, MIA)",216.89,"185.54 - 248.24",#43,#3,"0.00 / 0.00",0.00,0.00,0.00,10.68,63.24,0.61,107.71,163.83,1454.35,10.38
"Desmond Ridder D. Ridder(QB, ATL)",216.40,"186.15 - 246.65",#44,#32,"302.83 / 484.31",3130.49,20.99,11.25,48.12,215.13,2.09,0.00,0.00,0.00,0.00
"Najee Harris N. Harris(RB, PIT)",215.43,"184.59 - 246.27",#45,#10,"0.00 / 0.00",0.00,0.00,0.00,299.35,1268.64,9.03,41.58,57.09,263.90,1.85
"Cooper Kupp C. Kupp(WR, LA)",214.01,"182.91 - 245.11",#46,#4,"0.00 / 0.00",0.00,0.00,0.00,9.19,54.31,0.42,111.52,158.89,1429.75,10.65
"Joe Mixon J. Mixon(RB, CIN)",211.70,"181.15 - 242.25",#47,#11,"0.00 / 0.00",0.00,0.00,0.00,260.97,1115.64,9.72,41.15,53.93,284.58,2.18
"Aaron Jones A. Jones(RB, GB)",207.71,"177.49 - 237.93",#48,#12,"0.00 / 0.00",0.00,0.00,0.00,224.47,1132.75,9.11,43.54,59.80,303.80,2.40
"Travis Kelce T. Kelce(TE, KC)",207.10,"176.59 - 237.61",#49,#1,"0.00 / 0.00",0.00,0.00,0.00,0.00,0.00,0.00,114.97,167.63,1319.31,12.65
"Stefon Diggs S. Diggs(WR, BUF)",206.53,"176.07 - 236.99",#50,#5,"0.00 / 0.00",0.00,0.00,0.00,0.00,0.00,0.00,110.22,167.94,1449.36,10.39
"Rhamondre Stevenson R. Stevenson(RB, NE)",202.75,"172.92 - 232.58",#51,#13,"0.00 / 0.00",0.00,0.00,0.00,251.34,1125.35,8.10,49.29,67.50,326.73,2.21
"CeeDee Lamb C. Lamb(WR, DAL)",201.89,"171.83 - 231.95",#52,#6,"0.00 / 0.00",0.00,0.00,0.00,4.92,29.84,0.31,107.56,164.54,1373.79,9.90
"Kenneth Walker III K. Walker(RB, SEA)",200.62,"170.95 - 230.29",#53,#14,"0.00 / 0.00",0.00,0.00,0.00,264.10,1199.25,8.82,29.20,37.81,201.81,1.26
"Davante Adams D. Adams(WR, LV)",199.59,"169.72 - 229.46",#54,#7,"0.00 / 0.00",0.00,0.00,0.00,4.56,25.55,0.30,108.03,167.17,1339.56,10.26
"Alexander Mattison A. Mattison(RB, MIN)",197.61,"168.18 - 227.04",#55,#15,"0.00 / 0.00",0.00,0.00,0.00,250.31,1104.66,8.42,39.56,53.57,260.63,1.93
"Travis Etienne T. Etienne(RB, JAC)",196.77,"167.41 - 226.13",#56,#16,"0.00 / 0.00",0.00,0.00,0.00,255.75,1164.02,8.65,29.50,38.72,223.45,1.52
"A.J. Brown A. Brown(WR, PHI)",195.91,"166.35 - 225.47",#57,#8,"0.00 / 0.00",0.00,0.00,0.00,0.00,0.00,0.00,92.30,148.69,1381.16,9.89
"Miles Sanders M. Sanders(RB, CAR)",191.51,"162.57 - 220.45",#58,#17,"0.00 / 0.00",0.00,0.00,0.00,255.00,1181.17,8.19,31.67,43.74,195.75,1.38
"James Conner J. Conner(RB, ARI)",189.53,"160.72 - 218.34",#59,#18,"0.00 / 0.00",0.00,0.00,0.00,252.88,1086.51,7.97,38.09,49.07,296.93,1.21
"Cam Akers C. Akers(RB, LA)",186.90,"158.32 - 215.48",#60,#19,"0.00 / 0.00",0.00,0.00,0.00,285.20,1264.40,6.74,22.08,29.62,173.59,0.95
"Jahmyr Gibbs J. Gibbs(RB, DET)",185.60,"157.13 - 214.07",#61,#20,"0.00 / 0.00",0.00,0.00,0.00,199.93,884.99,7.64,48.10,66.12,370.50,2.74
"Jaylen Waddle J. Waddle(WR, MIA)",183.35,"154.87 - 211.83",#62,#9,"0.00 / 0.00",0.00,0.00,0.00,10.68,61.23,0.60,87.04,140.00,1280.74,7.80
"Breece Hall B. Hall(RB, NYJ)",177.60,"149.75 - 205.45",#63,#21,"0.00 / 0.00",0.00,0.00,0.00,227.39,1056.51,6.54,33.23,45.03,246.40,1.74
"Amon-Ra St. Brown A. St. Brown(WR, DET)",176.86,"148.93 - 204.79",#64,#10,"0.00 / 0.00",0.00,0.00,0.00,4.55,26.51,0.31,109.21,163.38,1271.39,7.48
"Rachaad White R. White(RB, TB)",176.26,"148.53 - 203.99",#65,#22,"0.00 / 0.00",0.00,0.00,0.00,242.01,1039.38,6.63,41.20,59.44,268.78,1.72
"Dameon Pierce D. Pierce(RB, HOU)",174.97,"147.34 - 202.6",#66,#23,"0.00 / 0.00",0.00,0.00,0.00,270.44,1171.61,5.76,31.81,42.64,202.21,1.36
"Isiah Pacheco I. Pacheco(RB, KC)",173.98,"146.44 - 201.52",#67,#24,"0.00 / 0.00",0.00,0.00,0.00,236.36,1064.82,9.03,17.53,22.54,129.72,0.97
"J.K. Dobbins J. Dobbins(RB, BAL)",173.21,"145.72 - 200.7",#68,#25,"0.00 / 0.00",0.00,0.00,0.00,237.97,1073.19,7.17,23.57,32.01,166.23,1.42
"Garrett Wilson G. Wilson(WR, NYJ)",170.13,"142.78 - 197.48",#69,#11,"0.00 / 0.00",0.00,0.00,0.00,0.00,0.00,0.00,93.47,149.17,1154.93,9.29
"Chris Olave C. Olave(WR, NO)",167.13,"140.03 - 194.23",#70,#12,"0.00 / 0.00",0.00,0.00,0.00,0.00,0.00,0.00,88.53,141.32,1271.48,6.88
"David Montgomery D. Montgomery(RB, DET)",166.85,"139.87 - 193.83",#71,#26,"0.00 / 0.00",0.00,0.00,0.00,212.56,882.65,7.75,28.64,39.08,246.85,1.60
"Deebo Samuel D. Samuel(WR, SF)",165.22,"138.28 - 192.16",#72,#13,"0.00 / 0.00",0.00,0.00,0.00,37.61,209.45,2.47,77.94,130.21,982.28,5.77
"Calvin Ridley C. Ridley(WR, JAC)",164.00,"137.18 - 190.82",#73,#14,"0.00 / 0.00",0.00,0.00,0.00,0.00,0.00,0.00,94.49,148.95,1174.72,7.76
"Tee Higgins T. Higgins(WR, CIN)",163.15,"136.4 - 189.9",#74,#15,"0.00 / 0.00",0.00,0.00,0.00,0.00,0.00,0.00,93.91,145.93,1165.66,7.87
"Javonte Williams J. Williams(RB, DEN)",160.86,"134.29 - 187.43",#75,#27,"0.00 / 0.00",0.00,0.00,0.00,219.47,974.80,6.31,27.54,36.87,189.54,1.52
"Mike Williams M. Williams(WR, LAC)",158.94,"132.54 - 185.34",#76,#16,"0.00 / 0.00",0.00,0.00,0.00,4.28,23.70,0.17,75.99,123.06,1061.81,8.22
"Amari Cooper A. Cooper(WR, CLE)",156.19,"130.03 - 182.35",#77,#17,"0.00 / 0.00",0.00,0.00,0.00,0.00,0.00,0.00,80.93,124.33,1118.86,7.42
"D.K. Metcalf D. Metcalf(WR, SEA)",156.18,"130.02 - 182.34",#78,#18,"0.00 / 0.00",0.00,0.00,0.00,0.00,0.00,0.00,91.90,145.52,1070.18,8.41
"Dalvin Cook D. Cook(RB, NYJ)",155.21,"129.15 - 181.27",#79,#28,"0.00 / 0.00",0.00,0.00,0.00,196.33,900.13,5.51,35.71,47.84,237.22,1.75
"Mike Evans M. Evans(WR, TB)",153.28,"127.36 - 179.2",#80,#19,"0.00 / 0.00",0.00,0.00,0.00,0.00,0.00,0.00,79.94,142.64,1100.50,7.19
"Jerry Jeudy J. Jeudy(WR, DEN)",152.45,"126.61 - 178.29",#81,#20,"0.00 / 0.00",0.00,0.00,0.00,0.00,0.00,0.00,84.26,132.69,1123.69,6.88
"Christian Kirk C. Kirk(WR, JAC)",152.07,"126.27 - 177.87",#82,#21,"0.00 / 0.00",0.00,0.00,0.00,4.49,25.02,0.19,86.25,131.07,1102.70,6.36
"Christian Watson C. Watson(WR, GB)",151.17,"125.44 - 176.9",#83,#22,"0.00 / 0.00",0.00,0.00,0.00,4.61,26.87,0.36,82.30,139.51,1063.18,6.83
"DeVonta Smith D. Smith(WR, PHI)",149.86,"124.24 - 175.48",#84,#23,"0.00 / 0.00",0.00,0.00,0.00,0.00,0.00,0.00,91.11,140.73,1121.92,6.40
"James Cook J. Cook(RB, BUF)",146.64,"121.27 - 172.01",#85,#29,"0.00 / 0.00",0.00,0.00,0.00,178.62,824.66,4.95,34.64,48.86,251.59,1.88
"Keenan Allen K. Allen(WR, LAC)",143.87,"118.76 - 168.98",#86,#24,"0.00 / 0.00",0.00,0.00,0.00,4.28,23.87,0.17,93.50,138.84,1083.78,5.61
"Tyler Lockett T. Lockett(WR, SEA)",142.26,"117.29 - 167.23",#87,#25,"0.00 / 0.00",0.00,0.00,0.00,0.00,0.00,0.00,86.71,128.08,1022.94,6.84
"Mark Andrews M. Andrews(TE, BAL)",141.76,"116.82 - 166.7",#88,#2,"0.00 / 0.00",0.00,0.00,0.00,0.00,0.00,0.00,84.41,128.04,947.80,7.91
"Chris Godwin C. Godwin(WR, TB)",141.20,"116.31 - 166.09",#89,#26,"0.00 / 0.00",0.00,0.00,0.00,4.41,25.03,0.21,97.00,148.59,1023.28,6.06
"Marquise Brown M. Brown(WR, ARI)",140.18,"115.38 - 164.98",#90,#27,"0.00 / 0.00",0.00,0.00,0.00,4.58,27.24,0.18,91.38,144.33,1053.85,5.46
"Terry McLaurin T. McLaurin(WR, WSH)",139.76,"115 - 164.52",#91,#28,"0.00 / 0.00",0.00,0.00,0.00,5.02,29.25,0.26,78.45,129.76,1041.47,5.29
"DeAndre Hopkins D. Hopkins(WR, TEN)",137.50,"112.93 - 162.07",#92,#29,"0.00 / 0.00",0.00,0.00,0.00,0.00,0.00,0.00,80.85,122.57,1000.47,6.51
"A.J. Dillon A. Dillon(RB, GB)",133.66,"109.32 - 158",#93,#30,"0.00 / 0.00",0.00,0.00,0.00,166.61,733.09,6.81,18.80,25.65,147.73,0.90
"Alvin Kamara A. Kamara(RB, NO)",133.11,"108.32 - 157.9",#94,#31,"0.00 / 0.00",0.00,0.00,0.00,179.94,773.44,4.14,32.22,44.76,248.56,1.52
"Brandin Cooks B. Cooks(WR, DAL)",130.22,"106.28 - 154.16",#95,#30,"0.00 / 0.00",0.00,0.00,0.00,4.92,29.72,0.31,73.82,113.48,872.68,6.32
"T.J. Hockenson T. Hockenson(TE, MIN)",129.63,"105.74 - 153.52",#96,#3,"0.00 / 0.00",0.00,0.00,0.00,0.00,0.00,0.00,88.65,135.52,855.00,7.47
"Treylon Burks T. Burks(WR, TEN)",129.07,"105.23 - 152.91",#97,#31,"0.00 / 0.00",0.00,0.00,0.00,5.01,28.56,0.20,70.11,112.59,937.78,5.27
"D.J. Moore D. Moore(WR, CHI)",128.91,"105.08 - 152.74",#98,#32,"0.00 / 0.00",0.00,0.00,0.00,0.00,0.00,0.00,69.78,111.15,885.71,6.77
"Michael Pittman Jr. M. Pittman Jr.(WR, IND)",126.14,"102.55 - 149.73",#99,#33,"0.00 / 0.00",0.00,0.00,0.00,0.00,0.00,0.00,84.15,131.38,989.02,4.72
"Brandon Aiyuk B. Aiyuk(WR, SF)",125.74,"102.18 - 149.3",#100,#34,"0.00 / 0.00",0.00,0.00,0.00,4.99,30.27,0.36,69.34,113.95,858.04,5.92
"Brian Robinson B. Robinson(RB, WSH)",125.70,"101.99 - 149.41",#101,#32,"0.00 / 0.00",0.00,0.00,0.00,218.55,907.49,5.32,7.44,10.82,43.42,0.29
"Drake London D. London(WR, ATL)",125.49,"101.96 - 149.02",#102,#35,"0.00 / 0.00",0.00,0.00,0.00,0.00,0.00,0.00,77.55,125.94,903.56,6.10
"Antonio Gibson A. Gibson(RB, WSH)",122.71,"99.23 - 146.19",#103,#33,"0.00 / 0.00",0.00,0.00,0.00,133.13,566.08,4.41,44.00,59.47,292.28,1.86
"Diontae Johnson D. Johnson(WR, PIT)",120.85,"97.71 - 143.99",#104,#36,"0.00 / 0.00",0.00,0.00,0.00,0.00,0.00,0.00,85.18,135.95,921.85,4.92
"Gabriel Davis G. Davis(WR, BUF)",116.17,"93.43 - 138.91",#105,#37,"0.00 / 0.00",0.00,0.00,0.00,0.00,0.00,0.00,53.91,97.70,833.52,5.57
"Jordan Addison J. Addison(WR, MIN)",115.33,"92.66 - 138",#106,#38,"0.00 / 0.00",0.00,0.00,0.00,0.00,0.00,0.00,69.81,113.44,807.39,5.90
"Khalil Herbert K. Herbert(RB, CHI)",114.96,"92.1 - 137.82",#107,#34,"0.00 / 0.00",0.00,0.00,0.00,163.50,764.57,4.65,11.66,16.16,76.90,0.65
"George Pickens G. Pickens(WR, PIT)",114.26,"91.68 - 136.84",#108,#39,"0.00 / 0.00",0.00,0.00,0.00,0.00,0.00,0.00,62.27,100.61,840.20,5.09
"Jahan Dotson J. Dotson(WR, WSH)",113.18,"90.69 - 135.67",#109,#40,"0.00 / 0.00",0.00,0.00,0.00,7.53,43.68,0.41,63.44,102.73,780.97,4.84
"Jaxon Smith-Njigba J. Smith-Njigba(WR, SEA)",113.04,"90.56 - 135.52",#110,#41,"0.00 / 0.00",0.00,0.00,0.00,0.00,0.00,0.00,67.96,104.79,840.64,4.96
"Samaje Perine S. Perine(RB, DEN)",111.82,"89.16 - 134.48",#111,#35,"0.00 / 0.00",0.00,0.00,0.00,155.82,669.04,4.15,19.07,25.41,134.13,1.05
"JuJu Smith-Schuster J. Smith-Schuster(WR, NE)",107.71,"85.68 - 129.74",#112,#42,"0.00 / 0.00",0.00,0.00,0.00,0.00,0.00,0.00,73.40,109.70,818.46,4.63
"Elijah Mitchell E. Mitchell(RB, SF)",107.67,"85.38 - 129.96",#113,#36,"0.00 / 0.00",0.00,0.00,0.00,150.36,696.60,5.15,7.56,10.85,49.65,0.35
"Quentin Johnston Q. Johnston(WR, LAC)",107.43,"85.43 - 129.43",#114,#43,"0.00 / 0.00",0.00,0.00,0.00,4.28,23.81,0.17,63.26,100.95,803.25,4.12
"Jamaal Williams J. Williams(RB, NO)",106.02,"83.79 - 128.25",#115,#37,"0.00 / 0.00",0.00,0.00,0.00,151.24,655.74,5.56,9.43,12.78,63.37,0.40
"Courtland Sutton C. Sutton(WR, DEN)",105.04,"83.25 - 126.83",#116,#44,"0.00 / 0.00",0.00,0.00,0.00,0.00,0.00,0.00,59.62,104.39,747.72,5.11
"D'Andre Swift D. Swift(RB, PHI)",104.99,"82.92 - 127.06",#117,#38,"0.00 / 0.00",0.00,0.00,0.00,106.07,473.34,4.12,38.18,53.11,256.56,1.39
"Devon Achane D. Achane(RB, MIA)",104.03,"82.05 - 126.01",#118,#39,"0.00 / 0.00",0.00,0.00,0.00,134.70,568.43,3.50,28.27,38.72,199.03,1.35
"George Kittle G. Kittle(TE, SF)",102.87,"81.26 - 124.48",#119,#4,"0.00 / 0.00",0.00,0.00,0.00,0.00,0.00,0.00,63.94,94.98,732.24,5.08
"Kyle Pitts K. Pitts(TE, ATL)",102.83,"81.22 - 124.44",#120,#5,"0.00 / 0.00",0.00,0.00,0.00,0.00,0.00,0.00,60.45,101.71,749.27,4.62
"Michael Thomas M. Thomas(WR, NO)",102.39,"80.82 - 123.96",#121,#45,"0.00 / 0.00",0.00,0.00,0.00,0.00,0.00,0.00,70.41,97.84,778.13,4.13
"Rashee Rice R. Rice(WR, KC)",100.63,"79.21 - 122.05",#122,#46,"0.00 / 0.00",0.00,0.00,0.00,0.00,0.00,0.00,52.53,80.57,711.38,5.09
"Zay Flowers Z. Flowers(WR, BAL)",99.22,"77.92 - 120.52",#123,#47,"0.00 / 0.00",0.00,0.00,0.00,0.00,0.00,0.00,59.55,93.59,718.06,4.69
"Michael Gallup M. Gallup(WR, DAL)",99.19,"77.89 - 120.49",#124,#48,"0.00 / 0.00",0.00,0.00,0.00,0.00,0.00,0.00,55.56,99.28,659.33,5.51
"Marquez Valdes-Scantling M. Valdes-Scantling(WR, KC)",99.16,"77.87 - 120.45",#125,#49,"0.00 / 0.00",0.00,0.00,0.00,0.00,0.00,0.00,44.35,83.79,708.14,4.75
"Rondale Moore R. Moore(WR, ARI)",99.10,"77.81 - 120.39",#126,#50,"0.00 / 0.00",0.00,0.00,0.00,4.58,26.93,0.18,72.88,109.69,776.08,3.22
"Dallas Goedert D. Goedert(TE, PHI)",98.82,"77.56 - 120.08",#127,#6,"0.00 / 0.00",0.00,0.00,0.00,0.00,0.00,0.00,63.66,92.92,724.46,4.50
"Kadarius Toney K. Toney(WR, KC)",98.26,"77.05 - 119.47",#128,#51,"0.00 / 0.00",0.00,0.00,0.00,8.37,48.26,0.57,55.25,83.79,631.49,4.59
"Rashaad Penny R. Penny(RB, PHI)",97.88,"76.38 - 119.38",#129,#40,"0.00 / 0.00",0.00,0.00,0.00,140.53,670.29,4.35,5.77,7.97,39.92,0.18
"Darren Waller D. Waller(TE, NYG)",97.03,"75.92 - 118.14",#130,#7,"0.00 / 0.00",0.00,0.00,0.00,0.00,0.00,0.00,67.24,100.13,727.98,4.10
"Kenneth Gainwell K. Gainwell(RB, PHI)",96.80,"75.39 - 118.21",#131,#41,"0.00 / 0.00",0.00,0.00,0.00,106.07,475.98,4.06,28.35,39.81,196.88,1.10
"Tyler Allgeier T. Allgeier(RB, ATL)",94.38,"73.15 - 115.61",#132,#42,"0.00 / 0.00",0.00,0.00,0.00,128.34,592.64,3.67,13.67,19.38,91.17,0.64
"Raheem Mostert R. Mostert(RB, MIA)",93.83,"72.65 - 115.01",#133,#43,"0.00 / 0.00",0.00,0.00,0.00,113.35,525.17,3.52,21.29,29.79,150.75,0.94
"Allen Lazard A. Lazard(WR, NYJ)",93.69,"72.87 - 114.51",#134,#52,"0.00 / 0.00",0.00,0.00,0.00,0.00,0.00,0.00,53.70,84.44,651.61,4.75
"Nico Collins N. Collins(WR, HOU)",91.84,"71.17 - 112.51",#135,#53,"0.00 / 0.00",0.00,0.00,0.00,0.00,0.00,0.00,57.84,95.94,686.25,3.92
"D.J. Chark D. Chark(WR, CAR)",91.63,"70.98 - 112.28",#136,#54,"0.00 / 0.00",0.00,0.00,0.00,0.00,0.00,0.00,49.55,87.55,680.48,3.94
"Skyy Moore S. Moore(WR, KC)",91.42,"70.79 - 112.05",#137,#55,"0.00 / 0.00",0.00,0.00,0.00,8.37,48.08,0.55,50.99,80.57,599.37,4.21
"Pat Freiermuth P. Freiermuth(TE, PIT)",91.39,"70.76 - 112.02",#138,#8,"0.00 / 0.00",0.00,0.00,0.00,0.00,0.00,0.00,64.46,97.87,657.89,4.31
"Evan Engram E. Engram(TE, JAC)",91.16,"70.55 - 111.77",#139,#9,"0.00 / 0.00",0.00,0.00,0.00,0.00,0.00,0.00,61.34,92.34,650.10,4.44
"Elijah Moore E. Moore(WR, CLE)",90.59,"70.03 - 111.15",#140,#56,"0.00 / 0.00",0.00,0.00,0.00,0.00,0.00,0.00,54.26,87.03,685.57,3.75
"Zay Jones Z. Jones(WR, JAC)",89.21,"68.77 - 109.65",#141,#57,"0.00 / 0.00",0.00,0.00,0.00,0.00,0.00,0.00,60.26,95.31,647.42,4.13
"Jakobi Meyers J. Meyers(WR, LV)",88.04,"67.7 - 108.38",#142,#58,"0.00 / 0.00",0.00,0.00,0.00,0.00,0.00,0.00,64.35,100.87,691.25,3.33
"Ezekiel Elliott E. Elliott(RB, NE)",87.66,"66.98 - 108.34",#143,#44,"0.00 / 0.00",0.00,0.00,0.00,115.68,479.52,5.17,10.18,14.08,60.93,0.38
"Rashod Bateman R. Bateman(WR, BAL)",87.47,"67.18 - 107.76",#144,#59,"0.00 / 0.00",0.00,0.00,0.00,0.00,0.00,0.00,48.20,78.80,647.49,3.87
"Jameson Williams J. Williams(WR, DET)",86.53,"65.59 - 107.47",#145,#60,"0.00 / 0.00",0.00,0.00,0.00,0.00,0.00,0.00,41.92,70.32,627.45,4.04
"Odell Beckham O. Beckham(WR, BAL)",85.76,"65.61 - 105.91",#146,#61,"0.00 / 0.00",0.00,0.00,0.00,0.00,0.00,0.00,45.97,78.80,585.76,4.60
"Chase Edmonds C. Edmonds(RB, TB)",85.34,"64.83 - 105.85",#147,#45,"0.00 / 0.00",0.00,0.00,0.00,110.01,485.19,2.89,20.09,29.72,151.06,0.87
"Jaylen Warren J. Warren(RB, PIT)",84.66,"64.2 - 105.12",#148,#46,"0.00 / 0.00",0.00,0.00,0.00,112.27,510.16,2.98,17.60,24.49,125.04,0.70
"Tyler Boyd T. Boyd(WR, CIN)",84.50,"64.46 - 104.54",#149,#62,"0.00 / 0.00",0.00,0.00,0.00,4.21,24.07,0.20,52.29,79.31,597.94,3.58
"Greg Dulcich G. Dulcich(TE, DEN)",83.15,"63.22 - 103.08",#150,#10,"0.00 / 0.00",0.00,0.00,0.00,0.00,0.00,0.00,52.54,80.17,556.40,4.60
"Tank Bigsby T. Bigsby(RB, JAC)",82.98,"62.66 - 103.3",#151,#47,"0.00 / 0.00",0.00,0.00,0.00,89.74,404.73,2.88,26.37,35.73,185.06,1.25
"DeVante Parker D. Parker(WR, NE)",82.57,"62.7 - 102.44",#152,#63,"0.00 / 0.00",0.00,0.00,0.00,0.00,0.00,0.00,47.09,81.57,635.05,3.20
"Marvin Mims M. Mims(WR, DEN)",80.55,"60.84 - 100.26",#153,#64,"0.00 / 0.00",0.00,0.00,0.00,0.00,0.00,0.00,48.31,79.66,581.41,3.90
"Jayden Reed J. Reed(WR, GB)",80.08,"60.42 - 99.74",#154,#65,"0.00 / 0.00",0.00,0.00,0.00,0.00,0.00,0.00,49.41,82.56,600.88,3.49
"Chigoziem Okonkwo C. Okonkwo(TE, TEN)",80.07,"60.41 - 99.73",#155,#11,"0.00 / 0.00",0.00,0.00,0.00,5.01,25.87,0.30,46.64,70.05,553.94,3.36
"David Njoku D. Njoku(TE, CLE)",80.03,"60.38 - 99.68",#156,#12,"0.00 / 0.00",0.00,0.00,0.00,0.00,0.00,0.00,51.94,79.55,573.07,3.81
"Devin Singletary D. Singletary(RB, HOU)",79.84,"59.77 - 99.91",#157,#48,"0.00 / 0.00",0.00,0.00,0.00,117.58,540.57,2.35,15.61,21.30,97.39,0.66
"Darnell Mooney D. Mooney(WR, CHI)",79.40,"59.8 - 99",#158,#66,"0.00 / 0.00",0.00,0.00,0.00,0.00,0.00,0.00,47.81,80.83,568.98,3.79
"Curtis Samuel C. Samuel(WR, WSH)",79.00,"59.43 - 98.57",#159,#67,"0.00 / 0.00",0.00,0.00,0.00,17.58,102.43,0.95,46.51,72.99,464.52,2.87
"Romeo Doubs R. Doubs(WR, GB)",78.93,"59.37 - 98.49",#160,#68,"0.00 / 0.00",0.00,0.00,0.00,0.00,0.00,0.00,50.80,85.43,581.28,3.64
"Taysom Hill T. Hill(TE, NO)",78.92,"59.26 - 98.58",#161,#13,"2.13 / 5.34",19.22,0.00,0.00,40.43,178.53,3.37,30.37,45.39,310.06,1.69
"Jerick McKinnon J. McKinnon(RB, KC)",78.37,"58.42 - 98.32",#162,#49,"0.00 / 0.00",0.00,0.00,0.00,52.29,219.12,1.62,41.67,54.79,321.28,2.56
"Damien Harris D. Harris(RB, BUF)",78.27,"58.32 - 98.22",#163,#50,"0.00 / 0.00",0.00,0.00,0.00,104.94,478.37,3.61,8.79,12.20,61.30,0.46
"Jonathan Mingo J. Mingo(WR, CAR)",78.09,"58.6 - 97.58",#164,#69,"0.00 / 0.00",0.00,0.00,0.00,0.00,0.00,0.00,46.59,76.58,569.76,3.63
"Zamir White Z. White(RB, LV)",77.23,"57.37 - 97.09",#165,#51,"0.00 / 0.00",0.00,0.00,0.00,102.62,436.97,3.20,16.51,23.06,112.95,0.74
"Donovan Peoples-Jones D. Peoples-Jones(WR, CLE)",77.15,"57.74 - 96.56",#166,#70,"0.00 / 0.00",0.00,0.00,0.00,0.00,0.00,0.00,43.86,69.62,608.57,2.85
"Adam Thielen A. Thielen(WR, CAR)",76.76,"57.38 - 96.14",#167,#71,"0.00 / 0.00",0.00,0.00,0.00,0.00,0.00,0.00,52.78,82.08,544.25,3.75
"Van Jefferson V. Jefferson(WR, LA)",76.44,"57.09 - 95.79",#168,#72,"0.00 / 0.00",0.00,0.00,0.00,0.00,0.00,0.00,42.60,72.72,598.89,2.83
"D'Onta Foreman D. Foreman(RB, CHI)",76.01,"56.24 - 95.78",#169,#52,"0.00 / 0.00",0.00,0.00,0.00,116.76,517.10,3.10,5.81,8.09,43.14,0.34
"Juwan Johnson J. Johnson(TE, NO)",74.77,"55.56 - 93.98",#170,#14,"0.00 / 0.00",0.00,0.00,0.00,0.00,0.00,0.00,46.35,71.15,517.58,3.82
"Khalil Shakir K. Shakir(WR, BUF)",74.45,"55.27 - 93.63",#171,#73,"0.00 / 0.00",0.00,0.00,0.00,0.00,0.00,0.00,44.67,76.33,539.40,3.53
"Dalton Schultz D. Schultz(TE, HOU)",74.40,"55.22 - 93.58",#172,#15,"0.00 / 0.00",0.00,0.00,0.00,0.00,0.00,0.00,54.73,79.91,521.66,3.76
"Gerald Everett G. Everett(TE, LAC)",73.98,"54.84 - 93.12",#173,#16,"0.00 / 0.00",0.00,0.00,0.00,0.00,0.00,0.00,50.82,75.74,526.22,3.62
"Greg Dortch G. Dortch(WR, ARI)",73.75,"54.63 - 92.87",#174,#74,"0.00 / 0.00",0.00,0.00,0.00,4.58,27.40,0.18,51.19,77.96,574.83,2.30
"Tyler Higbee T. Higbee(TE, LA)",73.49,"54.39 - 92.59",#175,#17,"0.00 / 0.00",0.00,0.00,0.00,0.00,0.00,0.00,55.62,80.81,525.70,3.49
"Jeff Wilson J. Wilson(RB, MIA)",73.37,"53.81 - 92.93",#176,#53,"0.00 / 0.00",0.00,0.00,0.00,104.78,469.04,3.60,6.13,8.94,45.14,0.33
"Hunter Henry H. Henry(TE, NE)",72.47,"53.46 - 91.48",#177,#18,"0.00 / 0.00",0.00,0.00,0.00,0.00,0.00,0.00,45.96,70.34,512.43,3.56
"Jalin Hyatt J. Hyatt(WR, NYG)",72.34,"53.34 - 91.34",#178,#75,"0.00 / 0.00",0.00,0.00,0.00,0.00,0.00,0.00,47.18,75.76,547.43,3.02
"Dalton Kincaid D. Kincaid(TE, BUF)",71.84,"52.88 - 90.8",#179,#19,"0.00 / 0.00",0.00,0.00,0.00,0.00,0.00,0.00,42.36,64.11,474.36,4.07
"Irv Smith Jr. I. Smith Jr.(TE, CIN)",71.57,"52.63 - 90.51",#180,#20,"0.00 / 0.00",0.00,0.00,0.00,0.00,0.00,0.00,52.04,76.14,468.60,4.21
"Corey Davis C. Davis(WR, NYJ)",69.98,"51.18 - 88.78",#181,#76,"0.00 / 0.00",0.00,0.00,0.00,0.00,0.00,0.00,40.94,67.56,520.26,3.10
"Chuba Hubbard C. Hubbard(RB, CAR)",69.77,"50.5 - 89.04",#182,#54,"0.00 / 0.00",0.00,0.00,0.00,97.36,425.96,3.11,10.02,13.67,72.70,0.45
"Sam LaPorta S. LaPorta(TE, DET)",69.25,"50.51 - 87.99",#183,#21,"0.00 / 0.00",0.00,0.00,0.00,0.00,0.00,0.00,41.12,63.15,463.21,3.84
"Hunter Renfrow H. Renfrow(WR, LV)",69.04,"50.32 - 87.76",#184,#77,"0.00 / 0.00",0.00,0.00,0.00,0.00,0.00,0.00,55.79,80.68,533.21,3.08
"Dawson Knox D. Knox(TE, BUF)",68.47,"49.8 - 87.14",#185,#22,"0.00 / 0.00",0.00,0.00,0.00,0.00,0.00,0.00,40.98,64.11,446.78,4.00
"Cole Kmet C. Kmet(TE, CHI)",67.52,"48.93 - 86.11",#186,#23,"0.00 / 0.00",0.00,0.00,0.00,0.00,0.00,0.00,43.09,64.68,437.43,4.00
"Robert Woods R. Woods(WR, HOU)",67.13,"48.58 - 85.68",#187,#78,"0.00 / 0.00",0.00,0.00,0.00,0.00,0.00,0.00,47.25,74.60,505.51,2.82
"Alec Pierce A. Pierce(WR, IND)",66.98,"48.44 - 85.52",#188,#79,"0.00 / 0.00",0.00,0.00,0.00,0.00,0.00,0.00,40.90,70.59,521.36,2.58
"Cordarrelle Patterson C. Patterson(RB, ATL)",66.04,"47.06 - 85.02",#189,#55,"0.00 / 0.00",0.00,0.00,0.00,53.45,255.36,2.11,26.41,38.74,198.50,1.37
"Rashid Shaheed R. Shaheed(WR, NO)",65.91,"47.46 - 84.36",#190,#80,"0.00 / 0.00",0.00,0.00,0.00,0.00,0.00,0.00,38.71,62.98,511.10,2.59
"Malik Davis M. Davis(RB, DAL)",65.69,"46.74 - 84.64",#191,#56,"0.00 / 0.00",0.00,0.00,0.00,95.79,406.06,2.76,8.55,11.33,62.83,0.52
"Russell Gage R. Gage(WR, TB)",65.45,"47.04 - 83.86",#192,#81,"0.00 / 0.00",0.00,0.00,0.00,0.00,0.00,0.00,45.56,74.30,495.94,2.75
"Mack Hollins M. Hollins(WR, ATL)",63.37,"45.14 - 81.6",#193,#82,"0.00 / 0.00",0.00,0.00,0.00,0.00,0.00,0.00,40.03,70.24,460.60,2.94
"Darius Slayton D. Slayton(WR, NYG)",63.28,"45.05 - 81.51",#194,#83,"0.00 / 0.00",0.00,0.00,0.00,0.00,0.00,0.00,37.03,62.25,476.29,2.72
"Roschon Johnson R. Johnson(RB, CHI)",63.16,"44.41 - 81.91",#195,#57,"0.00 / 0.00",0.00,0.00,0.00,96.35,410.62,2.34,8.85,12.13,61.43,0.50
"Chase Claypool C. Claypool(WR, CHI)",62.93,"44.73 - 81.13",#196,#84,"0.00 / 0.00",0.00,0.00,0.00,0.00,0.00,0.00,34.27,58.65,441.16,3.20
"Zach Ertz Z. Ertz(TE, ARI)",62.25,"44.11 - 80.39",#197,#24,"0.00 / 0.00",0.00,0.00,0.00,0.00,0.00,0.00,48.04,75.05,474.70,2.43
"Mecole Hardman M. Hardman(WR, NYJ)",62.03,"43.91 - 80.15",#198,#85,"0.00 / 0.00",0.00,0.00,0.00,4.81,27.87,0.23,34.75,53.48,413.73,2.98
"Mike Gesicki M. Gesicki(TE, NE)",61.70,"43.61 - 79.79",#199,#25,"0.00 / 0.00",0.00,0.00,0.00,0.00,0.00,0.00,42.46,70.34,437.56,3.01
"Chosen Anderson C. Anderson(WR, MIA)",61.51,"43.43 - 79.59",#200,#86,"0.00 / 0.00",0.00,0.00,0.00,0.00,0.00,0.00,41.85,74.46,436.74,3.05
"Ty Chandler T. Chandler(RB, MIN)",61.48,"42.87 - 80.09",#201,#58,"0.00 / 0.00",0.00,0.00,0.00,83.44,355.09,2.22,13.94,18.91,92.77,0.73
"Hayden Hurst H. Hurst(TE, CAR)",60.98,"42.95 - 79.01",#202,#26,"0.00 / 0.00",0.00,0.00,0.00,0.00,0.00,0.00,49.03,71.09,404.29,3.52
"Kendrick Bourne K. Bourne(WR, NE)",60.64,"42.64 - 78.64",#203,#87,"0.00 / 0.00",0.00,0.00,0.00,4.44,25.45,0.21,35.02,53.45,447.51,2.10
"Josh Reynolds J. Reynolds(WR, DET)",60.57,"42.47 - 78.67",#204,#88,"0.00 / 0.00",0.00,0.00,0.00,0.00,0.00,0.00,32.86,57.88,428.25,3.01
"K.J. Osborn K. Osborn(WR, MIN)",60.25,"42.29 - 78.21",#205,#89,"0.00 / 0.00",0.00,0.00,0.00,4.17,23.55,0.23,36.78,59.89,401.29,2.86
"Marvin Jones M. Jones(WR, DET)",59.47,"41.48 - 77.46",#206,#90,"0.00 / 0.00",0.00,0.00,0.00,0.00,0.00,0.00,31.46,52.77,388.21,3.43
"Gus Edwards G. Edwards(RB, BAL)",58.92,"40.51 - 77.33",#207,#59,"0.00 / 0.00",0.00,0.00,0.00,108.14,525.48,0.34,5.33,7.39,38.54,0.31
"Luke Musgrave L. Musgrave(TE, GB)",57.85,"40.08 - 75.62",#208,#27,"0.00 / 0.00",0.00,0.00,0.00,0.00,0.00,0.00,37.64,56.95,400.28,2.96
"Logan Thomas L. Thomas(TE, WSH)",57.43,"39.7 - 75.16",#209,#28,"0.00 / 0.00",0.00,0.00,0.00,0.00,0.00,0.00,45.60,70.28,390.05,3.11
"Cade Otton C. Otton(TE, TB)",56.56,"38.9 - 74.22",#210,#29,"0.00 / 0.00",0.00,0.00,0.00,0.00,0.00,0.00,39.86,65.36,401.71,2.72
"Tyjae Spears T. Spears(RB, TEN)",55.57,"37.43 - 73.71",#211,#60,"0.00 / 0.00",0.00,0.00,0.00,75.74,321.36,1.53,14.82,20.01,111.03,0.73
"Laviska Shenault L. Shenault(WR, CAR)",55.31,"37.77 - 72.85",#212,#91,"0.00 / 0.00",0.00,0.00,0.00,27.81,158.72,1.73,21.56,32.84,217.02,1.25
"Michael Mayer M. Mayer(TE, LV)",55.06,"37.53 - 72.59",#213,#30,"0.00 / 0.00",0.00,0.00,0.00,0.00,0.00,0.00,41.26,63.40,390.11,2.70
"John Metchie III J. Metchie(WR, HOU)",53.41,"36.03 - 70.79",#214,#92,"0.00 / 0.00",0.00,0.00,0.00,0.00,0.00,0.00,35.56,58.61,404.12,2.30
"Noah Fant N. Fant(TE, SEA)",52.42,"35.12 - 69.72",#215,#31,"0.00 / 0.00",0.00,0.00,0.00,0.00,0.00,0.00,41.48,58.22,387.44,2.26
"Kyren Williams K. Williams(RB, LA)",51.47,"33.65 - 69.29",#216,#61,"0.00 / 0.00",0.00,0.00,0.00,75.87,341.53,1.64,7.88,10.76,58.75,0.34
"Samori Toure S. Toure(WR, GB)",51.11,"33.93 - 68.29",#217,#93,"0.00 / 0.00",0.00,0.00,0.00,0.00,0.00,0.00,30.88,51.24,394.51,2.13
"Allen Robinson A. Robinson(WR, PIT)",51.02,"33.84 - 68.2",#218,#94,"0.00 / 0.00",0.00,0.00,0.00,0.00,0.00,0.00,33.03,54.38,376.01,2.21
"Colt McCoy C. McCoy(QB, ARI)",49.99,"27.77 - 72.21",#219,#33,"91.01 / 135.43",894.20,3.92,3.83,13.41,57.24,0.43,0.00,0.00,0.00,0.00
"Ben Skowronek B. Skowronek(WR, LA)",49.62,"32.57 - 66.67",#220,#95,"0.00 / 0.00",0.00,0.00,0.00,0.00,0.00,0.00,32.69,53.83,379.75,1.99
"Wan'Dale Robinson W. Robinson(WR, NYG)",49.01,"32.01 - 66.01",#221,#96,"0.00 / 0.00",0.00,0.00,0.00,0.00,0.00,0.00,33.95,54.12,371.15,2.14
"Isaiah McKenzie I. McKenzie(WR, IND)",48.33,"31.38 - 65.28",#222,#97,"0.00 / 0.00",0.00,0.00,0.00,5.51,30.49,0.18,33.63,53.51,338.72,2.05
"Tyler Conklin T. Conklin(TE, NYJ)",48.09,"31.16 - 65.02",#223,#32,"0.00 / 0.00",0.00,0.00,0.00,0.00,0.00,0.00,36.39,53.48,321.22,2.77
"Keaontay Ingram K. Ingram(RB, ARI)",47.12,"29.65 - 64.59",#224,#62,"0.00 / 0.00",0.00,0.00,0.00,66.47,277.42,1.17,13.17,17.34,101.93,0.46
"Zach Charbonnet Z. Charbonnet(RB, SEA)",46.94,"29.48 - 64.4",#225,#63,"0.00 / 0.00",0.00,0.00,0.00,66.01,297.65,1.34,11.03,14.55,73.01,0.39
"Cedrick Wilson C. Wilson(WR, MIA)",46.63,"29.82 - 63.44",#226,#98,"0.00 / 0.00",0.00,0.00,0.00,0.00,0.00,0.00,29.72,47.66,346.47,2.10
"Kendre Miller K. Miller(RB, NO)",46.62,"29.09 - 64.15",#227,#64,"0.00 / 0.00",0.00,0.00,0.00,71.01,300.45,1.25,10.00,13.75,71.91,0.43
"Isaiah Hodgins I. Hodgins(WR, NYG)",46.39,"29.61 - 63.17",#228,#99,"0.00 / 0.00",0.00,0.00,0.00,0.00,0.00,0.00,31.21,48.71,335.85,2.21
"Jelani Woods J. Woods(TE, IND)",46.25,"29.47 - 63.03",#229,#33,"0.00 / 0.00",0.00,0.00,0.00,0.00,0.00,0.00,33.24,51.11,339.05,2.10
"Jake Ferguson J. Ferguson(TE, DAL)",45.44,"28.73 - 62.15",#230,#34,"0.00 / 0.00",0.00,0.00,0.00,0.00,0.00,0.00,29.66,42.55,290.18,2.75
"Josiah Deguara J. Deguara(TE, GB)",45.29,"28.6 - 61.98",#231,#35,"0.00 / 0.00",0.00,0.00,0.00,0.00,0.00,0.00,30.81,45.55,310.59,2.40
"Isaiah Spiller I. Spiller(RB, LAC)",44.54,"27.27 - 61.81",#232,#65,"0.00 / 0.00",0.00,0.00,0.00,55.68,248.91,1.03,14.01,18.94,103.04,0.57
"Josh Downs J. Downs(WR, IND)",43.45,"26.92 - 59.98",#233,#100,"0.00 / 0.00",0.00,0.00,0.00,0.00,0.00,0.00,28.66,48.65,337.48,1.72
"Noah Brown N. Brown(WR, HOU)",42.75,"26.27 - 59.23",#234,#101,"0.00 / 0.00",0.00,0.00,0.00,0.00,0.00,0.00,28.59,47.95,324.09,1.79
"Joshua Kelley J. Kelley(RB, LAC)",42.43,"25.33 - 59.53",#235,#66,"0.00 / 0.00",0.00,0.00,0.00,77.07,312.06,1.18,4.75,6.33,35.38,0.17
"Nick Westbrook-Ikhine N. Westbrook-Ikhine(WR, TEN)",40.41,"24.14 - 56.68",#236,#102,"0.00 / 0.00",0.00,0.00,0.00,0.00,0.00,0.00,23.54,40.02,310.54,1.61
"Tyquan Thornton T. Thornton(WR, NE)",39.39,"23.2 - 55.58",#237,#103,"0.00 / 0.00",0.00,0.00,0.00,0.00,0.00,0.00,25.95,45.00,296.19,1.70
"Chase Brown C. Brown(RB, CIN)",38.29,"21.52 - 55.06",#238,#67,"0.00 / 0.00",0.00,0.00,0.00,48.40,204.13,1.10,11.84,15.85,80.61,0.62
"Parris Campbell P. Campbell(WR, NYG)",37.95,"21.89 - 54.01",#239,#104,"0.00 / 0.00",0.00,0.00,0.00,0.00,0.00,0.00,27.40,43.28,288.12,1.65
"Jerome Ford J. Ford(RB, CLE)",36.79,"20.14 - 53.44",#240,#68,"0.00 / 0.00",0.00,0.00,0.00,53.93,225.39,0.89,9.46,12.46,70.37,0.43
"Terrace Marshall Jr. T. Marshall(WR, CAR)",36.64,"20.68 - 52.6",#241,#105,"0.00 / 0.00",0.00,0.00,0.00,0.00,0.00,0.00,23.03,38.29,281.77,1.48
"Matt Breida M. Breida(RB, NYG)",35.43,"18.89 - 51.97",#242,#69,"0.00 / 0.00",0.00,0.00,0.00,48.75,226.57,1.39,6.01,8.12,44.33,0.21
"Trey McBride T. McBride(TE, ARI)",35.02,"19.21 - 50.83",#243,#36,"0.00 / 0.00",0.00,0.00,0.00,0.00,0.00,0.00,26.12,37.51,274.02,1.31
"Austin Hooper A. Hooper(TE, LV)",34.81,"19.02 - 50.6",#244,#37,"0.00 / 0.00",0.00,0.00,0.00,0.00,0.00,0.00,26.34,40.35,244.08,1.73
"Tutu Atwell T. Atwell(WR, LA)",34.76,"18.97 - 50.55",#245,#106,"0.00 / 0.00",0.00,0.00,0.00,9.19,54.15,0.43,16.08,26.96,209.96,1.02
"Clyde Edwards-Helaire C. Edwards-Helaire(RB, KC)",34.66,"18.18 - 51.14",#246,#70,"0.00 / 0.00",0.00,0.00,0.00,41.84,180.85,1.42,7.36,9.68,56.01,0.49
"Dyami Brown D. Brown(WR, WSH)",34.35,"18.59 - 50.11",#247,#107,"0.00 / 0.00",0.00,0.00,0.00,0.00,0.00,0.00,21.94,37.83,260.01,1.45
"Josh Palmer J. Palmer(WR, LAC)",33.60,"17.91 - 49.29",#248,#108,"0.00 / 0.00",0.00,0.00,0.00,0.00,0.00,0.00,20.14,31.57,259.02,1.32
"Jonathan Williams J. Williams(RB, WSH)",33.42,"17.03 - 49.81",#249,#71,"0.00 / 0.00",0.00,0.00,0.00,50.24,212.77,1.24,5.99,8.11,40.36,0.29
"D'Wayne Eskridge D. Eskridge(WR, SEA)",33.11,"17.45 - 48.77",#250,#109,"0.00 / 0.00",0.00,0.00,0.00,4.41,26.08,0.19,21.74,34.92,229.67,1.16
